{
  "accuracy": 0.64,
  "macro_precision": 0.6336201829127545,
  "macro_recall": 0.6652448056525907,
  "macro_f1": 0.6346396965865991,
  "roc_auc": 0.825297198554294,
  "per_class": {
    "Lung Opacity": {
      "precision": 0.5324074074074074,
      "recall": 0.6804733727810651,
      "f1": 0.5974025974025974,
      "support": 169
    },
    "No Lung Opacity / Not Normal": {
      "precision": 0.6880733944954128,
      "recall": 0.45180722891566266,
      "f1": 0.5454545454545454,
      "support": 332
    },
    "Normal": {
      "precision": 0.680379746835443,
      "recall": 0.8634538152610441,
      "f1": 0.7610619469026548,
      "support": 249
    }
  },
  "confusion_matrix": [
    [
      115,
      43,
      11
    ],
    [
      92,
      150,
      90
    ],
    [
      9,
      25,
      215
    ]
  ]
}